#EventID,Time,Latitude,Longitude,Depth,MD,MD Error,Area,Type,Level
48855,2025-10-13 00:40:33.64,40.811,14.158667,1,,,flegrei,earthquake,Automatico
48856,2025-10-13 01:12:34.7,40.822333,14.146667,0.8,,,flegrei,earthquake,Automatico
48857,2025-10-13 01:13:12.319,40.825167,14.150833,0.16,,,flegrei,earthquake,Automatico
48858,2025-10-13 03:08:55.799,40.845833,14.118833,1,,,flegrei,earthquake,Automatico
48859,2025-10-13 03:15:12.529,40.819167,14.127,2.54,0.2,0.3,flegrei,earthquake,Rivisto
48860,2025-10-13 03:25:13.289,40.825,14.099,1,,,flegrei,earthquake,Automatico
48862,2025-10-13 06:27:34.17,40.816667,14.110667,1,,,flegrei,earthquake,Automatico
48863,2025-10-13 08:07:08.769,40.820333,14.157667,2.4,0.3,0.3,flegrei,earthquake,Rivisto
48864,2025-10-13 09:06:48.5,40.8319,14.1693,0.75,,,flegrei,earthquake,Automatico
48868,2025-10-13 09:59:44.41,40.820667,14.113,1.6,0.9,0.3,flegrei,earthquake,Rivisto
48869,2025-10-13 10:08:18.73,40.821667,14.102667,1,,,flegrei,earthquake,Automatico
48870,2025-10-13 10:22:36.96,40.841333,14.2215,0.02,,,flegrei,earthquake,Automatico
48873,2025-10-13 13:21:36.839,40.883333,14.447167,0.03,,,flegrei,earthquake,Automatico
48874,2025-10-13 13:23:47.74,40.828667,14.139167,1.44,,,flegrei,earthquake,Automatico
48876,2025-10-13 13:48:55.019,40.8127,14.1403,0.42,,,flegrei,earthquake,Automatico
48879,2025-10-13 16:08:35.45,40.827333,14.140167,2.15,2.2,0.3,flegrei,earthquake,Rivisto
48881,2025-10-13 18:40:26.45,40.825833,14.158667,2.34,1.2,0.3,flegrei,earthquake,Rivisto
48882,2025-10-13 20:52:06.67,40.820333,14.149,2.92,0.3,0.3,flegrei,earthquake,Rivisto
48883,2025-10-13 20:58:06.299,40.823333,14.151833,1.85,0.3,0.3,flegrei,earthquake,Rivisto
48884,2025-10-13 21:43:44.67,40.818333,14.144167,0.74,,,flegrei,earthquake,Automatico
48885,2025-10-13 21:51:21.829,40.83,14.140167,2.24,0.9,0.3,flegrei,earthquake,Rivisto
48886,2025-10-13 23:17:58.91,40.826167,14.157,2.88,0.8,0.3,flegrei,earthquake,Rivisto
48887,2025-10-13 23:18:25.45,40.809667,14.164667,1,,,flegrei,earthquake,Automatico
48888,2025-10-13 23:30:21.66,40.823833,14.161833,1,,,flegrei,earthquake,Automatico
48889,2025-10-14 01:24:32.789,40.842333,14.156,4.73,,,flegrei,earthquake,Automatico
48891,2025-10-14 01:52:49.39,40.824667,14.084,2.77,1.4,0.3,flegrei,earthquake,Rivisto
48892,2025-10-14 02:44:43.38,40.814833,14.139833,2.72,1.2,0.3,flegrei,earthquake,Rivisto
48893,2025-10-14 02:49:19.819,40.813333,14.141833,2.6,0.8,0.3,flegrei,earthquake,Rivisto
48894,2025-10-14 02:59:09.779,40.853,13.972167,1,,,flegrei,earthquake,Automatico
48896,2025-10-14 06:16:11.43,40.802833,14.151333,1,,,flegrei,earthquake,Automatico
48897,2025-10-14 07:19:35.069,40.8405,14.197,1,,,flegrei,earthquake,Automatico
48903,2025-10-14 12:59:13.069,40.825833,14.103833,0.49,,,flegrei,earthquake,Automatico
48904,2025-10-14 13:32:08.549,40.5329,14.4146,1.5,,,flegrei,earthquake,Automatico
48905,2025-10-14 13:32:11.18,40.813167,14.2355,21.27,,,flegrei,earthquake,Automatico
48907,2025-10-14 16:25:23.319,40.8255,14.099667,1.05,,,flegrei,earthquake,Automatico
48909,2025-10-14 17:27:19.15,40.825667,14.139833,0.87,0.6,0.3,flegrei,earthquake,Rivisto
48911,2025-10-14 17:27:50.059,40.825,14.141,0.69,0.1,0.3,flegrei,earthquake,Rivisto
48912,2025-10-14 17:27:55.759,40.825333,14.141667,0.95,0.8,0.3,flegrei,earthquake,Rivisto
48910,2025-10-14 17:33:21.21,40.811333,14.092833,3.15,1.1,0.3,flegrei,earthquake,Rivisto
48913,2025-10-14 17:58:22.49,40.825,14.149,2.07,1.3,0.3,flegrei,earthquake,Rivisto
48915,2025-10-14 19:56:14.279,40.8225,14.1525,0.49,,,flegrei,earthquake,Automatico
48916,2025-10-14 20:49:05.019,40.817167,14.183667,1,,,flegrei,earthquake,Automatico
48918,2025-10-14 21:40:20.73,40.861833,14.2345,0.4,,,flegrei,earthquake,Automatico
48922,2025-10-14 23:19:50.049,40.8245,14.116667,1.52,0.1,0.3,flegrei,earthquake,Rivisto
48923,2025-10-14 23:54:08.259,40.842,14.127833,0.56,0.2,0.3,flegrei,earthquake,Rivisto
48924,2025-10-15 00:07:15.089,40.798167,14.111167,1,,,flegrei,earthquake,Automatico
48926,2025-10-15 00:18:08.49,40.819,14.134667,1,,,flegrei,earthquake,Automatico
48927,2025-10-15 00:51:10.559,40.8065,14.138667,1.72,2.1,0.3,flegrei,earthquake,Rivisto
48928,2025-10-15 01:00:02.88,40.8035,14.157,1,,,flegrei,earthquake,Automatico
48929,2025-10-15 01:33:34.359,40.858833,14.158333,1,,,flegrei,earthquake,Automatico
48930,2025-10-15 03:02:23.509,40.805667,14.1445,2.65,0.3,0.3,flegrei,earthquake,Rivisto
48931,2025-10-15 03:20:25.48,40.823833,14.151667,1.51,0.9,0.3,flegrei,earthquake,Rivisto
48932,2025-10-15 03:31:56.289,40.826167,14.151833,1.11,1,0.3,flegrei,earthquake,Rivisto
48933,2025-10-15 03:46:42.619,40.805333,14.144833,2.71,0.6,0.3,flegrei,earthquake,Rivisto
48934,2025-10-15 03:59:14.74,40.823,14.149,1.36,0.5,0.3,flegrei,earthquake,Rivisto
48935,2025-10-15 04:34:54.759,40.829333,14.132167,1.64,0.1,0.3,flegrei,earthquake,Rivisto
48936,2025-10-15 04:36:48.9,40.837833,14.127333,1.47,0.6,0.3,flegrei,earthquake,Rivisto
48938,2025-10-15 08:30:43.289,40.792167,14.0625,0.01,,,flegrei,earthquake,Automatico
48940,2025-10-15 10:04:13.71,40.816333,14.127333,0.85,0.3,0.3,flegrei,earthquake,Rivisto
48942,2025-10-15 10:29:27.23,40.819167,14.158,2.73,0.3,0.3,flegrei,earthquake,Rivisto
48945,2025-10-15 11:21:39.549,40.835,14.131833,1,,,flegrei,earthquake,Automatico
48947,2025-10-15 14:30:51.92,40.8345,14.099333,2.21,1.3,0.3,flegrei,earthquake,Rivisto
48948,2025-10-15 14:31:40.88,40.8345,14.098833,2.34,0.4,0.3,flegrei,earthquake,Rivisto
48949,2025-10-15 16:40:45.349,40.820333,14.137167,2.34,0.6,0.3,flegrei,earthquake,Rivisto
48951,2025-10-15 17:26:33.89,40.827833,14.137833,2.46,1.6,0.3,flegrei,earthquake,Rivisto
48952,2025-10-15 19:27:10.43,40.8195,14.1595,1,,,flegrei,earthquake,Automatico
48953,2025-10-15 21:34:50.509,40.8245,14.142167,0.77,1.5,0.3,flegrei,earthquake,Rivisto
48954,2025-10-15 21:36:34.66,40.823833,14.143167,0.9,0.5,0.3,flegrei,earthquake,Rivisto
48956,2025-10-15 22:06:43.13,40.828,14.137667,0.93,,,flegrei,earthquake,Automatico
48959,2025-10-15 23:31:24.789,40.832667,14.146833,2.31,0.1,0.3,flegrei,earthquake,Rivisto
48960,2025-10-16 00:29:31.18,40.8325,14.140167,2.33,0.6,0.3,flegrei,earthquake,Rivisto
48961,2025-10-16 01:27:32.89,40.828333,14.140833,0.96,0,0.3,flegrei,earthquake,Rivisto
48962,2025-10-16 01:30:25.44,40.827,14.147833,0.2,,,flegrei,earthquake,Automatico
48963,2025-10-16 02:18:45.789,40.835667,14.137167,1.74,0.4,0.3,flegrei,earthquake,Rivisto
48964,2025-10-16 04:04:02.7,40.8405,14.118167,2.71,1.1,0.3,flegrei,earthquake,Rivisto
48965,2025-10-16 04:14:35.18,40.851,14.092333,1,,,flegrei,earthquake,Automatico
48966,2025-10-16 04:19:52.46,40.8675,14.105167,1,,,flegrei,earthquake,Automatico
48968,2025-10-16 05:37:33.68,40.830167,14.122833,1,,,flegrei,earthquake,Automatico
48969,2025-10-16 06:32:29.17,40.827,14.139167,0.75,,,flegrei,earthquake,Automatico
48970,2025-10-16 06:49:35.13,40.841667,14.121167,2.08,0.4,0.3,flegrei,earthquake,Rivisto
48971,2025-10-16 07:05:20.549,40.822,14.139167,0.61,0.7,0.3,flegrei,earthquake,Rivisto
48972,2025-10-16 08:28:16.95,40.870167,14.331,1.01,,,flegrei,earthquake,Automatico
48973,2025-10-16 08:29:09.13,40.802667,14.1605,0.01,,,flegrei,earthquake,Automatico
48974,2025-10-16 08:39:44.339,40.834833,14.151667,2,0.5,0.3,flegrei,earthquake,Rivisto
48975,2025-10-16 08:52:37.089,40.8075,14.126167,5.32,0.6,0.3,flegrei,earthquake,Rivisto
48976,2025-10-16 09:25:22.589,40.836,14.140167,2.3,0.9,0.3,flegrei,earthquake,Rivisto
48977,2025-10-16 10:26:17.819,40.817667,14.147167,2.42,0.3,0.3,flegrei,earthquake,Rivisto
48978,2025-10-16 10:34:12.619,40.8535,14.0905,1,,,flegrei,earthquake,Automatico
48979,2025-10-16 10:34:16.22,40.824833,14.145833,1.71,0.1,0.3,flegrei,earthquake,Rivisto
48981,2025-10-16 10:49:31.75,40.824667,14.1065,1,,,flegrei,earthquake,Automatico
48982,2025-10-16 10:50:10.49,40.828833,14.114833,1,,,flegrei,earthquake,Automatico
48983,2025-10-16 12:15:52.74,40.822333,14.158667,1,,,flegrei,earthquake,Automatico
48984,2025-10-16 16:35:47.279,40.828833,14.143,1.03,0.5,0.3,flegrei,earthquake,Rivisto
48985,2025-10-16 16:53:48.98,40.829,14.1445,1.31,0.1,0.3,flegrei,earthquake,Rivisto
48986,2025-10-16 17:42:27.349,40.8215,14.166,1,,,flegrei,earthquake,Automatico
48987,2025-10-16 18:28:03.91,40.838833,14.1345,2.17,0.6,0.3,flegrei,earthquake,Rivisto
48988,2025-10-16 21:38:37.23,40.803,14.125833,3.91,1.2,0.3,flegrei,earthquake,Rivisto
48989,2025-10-16 21:45:13.21,41.0372,13.8401,0.79,,,flegrei,earthquake,Automatico
48990,2025-10-16 22:09:08.849,40.8385,14.131,1.61,0.5,0.3,flegrei,earthquake,Rivisto
48991,2025-10-16 22:20:50.079,40.8385,14.132167,2.14,0.2,0.3,flegrei,earthquake,Rivisto
48992,2025-10-16 22:26:57.809,40.8375,14.129167,1.73,0.2,0.3,flegrei,earthquake,Rivisto
48993,2025-10-16 23:04:42.24,40.8375,14.1195,1.55,0.6,0.3,flegrei,earthquake,Rivisto
48994,2025-10-17 00:51:13.74,40.835667,14.139167,1.82,0.2,0.3,flegrei,earthquake,Rivisto
48995,2025-10-17 01:32:21.24,40.8295,14.1375,0.9,,,flegrei,earthquake,Automatico
48996,2025-10-17 01:49:16,40.895667,14.279333,1.02,,,flegrei,earthquake,Automatico
48997,2025-10-17 02:02:08.92,40.8265,14.152833,1.69,1.4,0.3,flegrei,earthquake,Rivisto
48998,2025-10-17 02:05:54.38,40.8345,14.126333,1.61,0.5,0.3,flegrei,earthquake,Rivisto
48999,2025-10-17 02:06:16.64,40.831667,14.1295,1.75,0.1,0.3,flegrei,earthquake,Rivisto
49001,2025-10-17 02:53:28.369,40.811333,14.2005,1,,,flegrei,earthquake,Automatico
49002,2025-10-17 05:35:26.319,40.836333,14.13,2.39,0.6,0.3,flegrei,earthquake,Rivisto
49003,2025-10-17 05:57:43.519,40.822667,14.175,1,,,flegrei,earthquake,Automatico
49004,2025-10-17 06:20:43.64,40.830667,14.162,1,,,flegrei,earthquake,Automatico
49005,2025-10-17 09:26:04.94,40.822833,14.1465,0.04,,,flegrei,earthquake,Automatico
49006,2025-10-17 09:51:24.539,40.8321,14.0939,0.69,,,flegrei,earthquake,Automatico
49007,2025-10-17 09:52:35.46,40.838333,14.236833,1,,,flegrei,earthquake,Automatico
49008,2025-10-17 11:06:17.44,40.826333,14.143167,0.03,,,flegrei,earthquake,Automatico
49009,2025-10-17 11:22:54.869,40.8855,14.130167,0.02,,,flegrei,earthquake,Automatico
49010,2025-10-17 11:55:42.049,40.825833,14.157,0.24,,,flegrei,earthquake,Automatico
49011,2025-10-17 11:56:10.88,40.826833,14.147833,0.17,,,flegrei,earthquake,Automatico
49012,2025-10-17 13:57:16.009,40.832833,14.1285,2.36,1.2,0.3,flegrei,earthquake,Rivisto
49013,2025-10-17 14:26:16.48,40.832667,14.146833,1.49,,,flegrei,earthquake,Automatico
49014,2025-10-17 16:07:45.329,40.892833,14.106167,0.18,,,flegrei,earthquake,Automatico
49015,2025-10-17 17:24:02.269,40.820833,14.139667,0.68,,,flegrei,earthquake,Automatico
49016,2025-10-17 18:43:35.96,40.827167,14.144333,2.71,0.2,0.3,flegrei,earthquake,Rivisto
49017,2025-10-17 19:59:26,40.833,14.132833,2.74,0.2,0.3,flegrei,earthquake,Rivisto
49018,2025-10-17 20:26:24.73,40.837667,14.143,2.23,0.7,0.3,flegrei,earthquake,Rivisto
49019,2025-10-17 21:15:16.359,40.8405,14.105667,2.97,2.5,0.3,flegrei,earthquake,Rivisto
49021,2025-10-17 22:25:47.93,41.042833,14.105,2.08,,,flegrei,earthquake,Automatico
49022,2025-10-17 22:56:49.44,40.838333,14.1325,2.93,0.1,0.3,flegrei,earthquake,Rivisto
49023,2025-10-18 00:15:45.609,40.801833,14.2195,1,,,flegrei,earthquake,Automatico
49025,2025-10-18 02:11:26.309,40.832167,14.134167,1.78,0.2,0.3,flegrei,earthquake,Rivisto
49026,2025-10-18 03:29:03.589,40.823167,14.150333,0.05,,,flegrei,earthquake,Automatico
49028,2025-10-18 06:11:43.97,40.811833,14.166167,1,,,flegrei,earthquake,Automatico
49029,2025-10-18 06:50:47.43,40.828167,14.141667,2.5,1.5,0.3,flegrei,earthquake,Rivisto
49030,2025-10-18 08:12:16.25,40.760667,14.176,1.18,,,flegrei,earthquake,Automatico
49031,2025-10-18 09:21:43.95,40.8355,14.129333,2.39,1.4,0.3,flegrei,earthquake,Rivisto
49032,2025-10-18 11:12:57.779,40.8375,14.1385,2.21,0.3,0.3,flegrei,earthquake,Rivisto
49034,2025-10-18 12:33:52.779,40.828833,14.140167,2.31,0.5,0.3,flegrei,earthquake,Rivisto
49036,2025-10-18 12:38:39.75,40.829333,14.140833,1.79,1.1,0.3,flegrei,earthquake,Rivisto
49033,2025-10-18 12:38:39.779,40.8285,14.140667,1.8,0.9,0.3,flegrei,earthquake,Rivisto
49035,2025-10-18 12:51:53.38,40.834167,14.136333,2.41,0.9,0.3,flegrei,earthquake,Rivisto
49037,2025-10-18 13:03:09.16,40.827833,14.1405,2.32,0.9,0.3,flegrei,earthquake,Rivisto
49038,2025-10-18 13:17:53.7,40.831333,14.145167,1.82,0.1,0.3,flegrei,earthquake,Rivisto
49039,2025-10-18 14:15:51.029,40.825,14.140333,1.23,0.1,0.3,flegrei,earthquake,Rivisto
49040,2025-10-18 20:20:52.45,40.823333,14.146667,3.11,0.8,0.3,flegrei,earthquake,Rivisto
49041,2025-10-18 20:21:02.329,40.8275,14.1405,0.8,0.7,0.3,flegrei,earthquake,Rivisto
49063,2025-10-18 22:53:36.75,40.8265,14.135167,2.69,0.6,0.3,flegrei,earthquake,Rivisto
49059,2025-10-18 22:53:53.349,40.835667,14.132667,2.78,1,0.3,flegrei,earthquake,Rivisto
49047,2025-10-18 22:54:13.96,40.833167,14.130167,2.6,1.2,0.3,flegrei,earthquake,Rivisto
49048,2025-10-18 22:54:46.97,40.8255,14.149667,0.04,,,flegrei,earthquake,Automatico
49049,2025-10-18 22:56:15.69,40.842,14.151,1.67,0.9,0.3,flegrei,earthquake,Rivisto
49065,2025-10-18 22:56:50.73,40.836833,14.130667,2.84,0.7,0.3,flegrei,earthquake,Rivisto
49050,2025-10-18 22:57:14.69,40.833833,14.127833,2.38,0.8,0.3,flegrei,earthquake,Rivisto
49069,2025-10-18 22:57:49.019,40.830333,14.132333,2.3,0.2,0.3,flegrei,earthquake,Rivisto
49051,2025-10-18 22:59:01.299,40.834333,14.1275,2.77,2.2,0.3,flegrei,earthquake,Rivisto
49062,2025-10-18 22:59:47.88,40.834,14.1255,1.78,1.2,0.3,flegrei,earthquake,Rivisto
49070,2025-10-18 23:00:05.339,40.837,14.124833,2.36,0.8,0.3,flegrei,earthquake,Rivisto
49072,2025-10-18 23:00:22.95,40.841,14.148667,2.72,0.7,0.7,flegrei,earthquake,Rivisto
49074,2025-10-18 23:00:56.799,40.836333,14.126167,3.16,0.4,0.3,flegrei,earthquake,Rivisto
49075,2025-10-18 23:01:20.279,40.840667,14.111667,0.64,0.3,0.3,flegrei,earthquake,Rivisto
49052,2025-10-18 23:02:52.23,40.833,14.127667,3.27,0.4,0.3,flegrei,earthquake,Rivisto
49078,2025-10-18 23:03:04.119,40.831,14.114667,0.96,0.5,0.3,flegrei,earthquake,Rivisto
49053,2025-10-18 23:05:06.46,40.836833,14.133667,2.89,1.3,0.3,flegrei,earthquake,Rivisto
49054,2025-10-18 23:06:52.98,40.832833,14.125333,3.58,0.3,0.3,flegrei,earthquake,Rivisto
49055,2025-10-18 23:07:22.519,40.8455,14.142333,1,,,flegrei,earthquake,Automatico
49056,2025-10-18 23:07:29.38,40.834167,14.13,2.71,0.7,0.3,flegrei,earthquake,Rivisto
49079,2025-10-18 23:11:53.029,40.837,14.126167,0.8,0.3,0.3,flegrei,earthquake,Rivisto
49081,2025-10-18 23:12:02.4,40.838,14.122667,1.81,0.6,0.3,flegrei,earthquake,Rivisto
49058,2025-10-18 23:27:33.049,40.826667,14.116667,1,,,flegrei,earthquake,Automatico
49060,2025-10-18 23:40:25.509,40.829167,14.097333,1,,,flegrei,earthquake,Automatico
49061,2025-10-18 23:40:49.46,40.7445,14.105333,1.67,,,flegrei,earthquake,Automatico
49082,2025-10-18 23:40:51.329,40.834833,14.123,2.36,0.4,0.4,flegrei,earthquake,Rivisto
49083,2025-10-18 23:41:01.539,40.838167,14.122333,2.79,0.4,0.3,flegrei,earthquake,Rivisto
49064,2025-10-18 23:50:27.549,40.8385,14.131667,3.14,0.5,0.3,flegrei,earthquake,Rivisto
49066,2025-10-19 00:00:35.049,41.036,14.2532,7.82,,,flegrei,earthquake,Automatico
49068,2025-10-19 00:00:51.069,40.838833,14.123833,2.7,0.3,0.3,flegrei,earthquake,Rivisto
49071,2025-10-19 00:07:15.42,40.671833,14.022,0.02,,,flegrei,earthquake,Automatico
49073,2025-10-19 00:15:30.819,40.826333,14.167333,1,,,flegrei,earthquake,Automatico
49076,2025-10-19 00:29:31.25,40.836667,14.136833,2.44,0.8,0.3,flegrei,earthquake,Rivisto
49077,2025-10-19 00:29:50.46,40.835333,14.126167,2.61,0.3,0.3,flegrei,earthquake,Rivisto
49080,2025-10-19 00:38:27.95,40.841667,14.130667,1,,,flegrei,earthquake,Automatico
49084,2025-10-19 00:45:07.38,40.839833,14.166667,1.01,,,flegrei,earthquake,Automatico
49085,2025-10-19 01:28:41.2,40.807667,14.199667,1,,,flegrei,earthquake,Automatico
49086,2025-10-19 01:32:07.809,40.821333,14.161,1,,,flegrei,earthquake,Automatico
49087,2025-10-19 01:42:16.38,40.821,14.1047,1.47,,,flegrei,earthquake,Automatico
49088,2025-10-19 01:43:04.89,40.830667,14.137167,0.67,,,flegrei,earthquake,Automatico
49089,2025-10-19 01:58:05.829,40.8318,14.2054,0.71,,,flegrei,earthquake,Automatico
49090,2025-10-19 02:15:12.309,40.829,14.127,2.13,,,flegrei,earthquake,Automatico
49091,2025-10-19 02:27:30.75,40.820333,14.149,2.39,0.1,0.3,flegrei,earthquake,Rivisto
49092,2025-10-19 02:34:13.44,40.832333,14.117667,2.73,0.6,0.3,flegrei,earthquake,Rivisto
49093,2025-10-19 02:53:27.759,40.845667,14.136,0.64,,,flegrei,earthquake,Automatico
49094,2025-10-19 03:28:57.079,40.831833,14.1775,1,,,flegrei,earthquake,Automatico
49095,2025-10-19 03:37:53.13,40.696167,14.185667,2.04,,,flegrei,earthquake,Automatico
49096,2025-10-19 04:58:50.769,40.8335,14.137833,2.35,0.7,0.3,flegrei,earthquake,Rivisto
49097,2025-10-19 05:01:37.369,40.834333,14.146333,1.01,,,flegrei,earthquake,Automatico
49098,2025-10-19 06:07:40.109,40.833667,14.131667,2.57,0.9,0.3,flegrei,earthquake,Rivisto
49099,2025-10-19 06:33:49.41,40.834333,14.135,2.45,0,0.3,flegrei,earthquake,Rivisto
49100,2025-10-19 07:48:53.069,40.812,14.321167,1.03,,,flegrei,earthquake,Automatico
49101,2025-10-19 07:50:14.24,40.820333,14.157333,2.42,1.5,0.3,flegrei,earthquake,Rivisto
49102,2025-10-19 07:56:59.519,40.8315,14.1886,1.46,,,flegrei,earthquake,Automatico
49103,2025-10-19 07:57:56.849,40.839667,14.183333,1,,,flegrei,earthquake,Automatico
49104,2025-10-19 08:03:14.059,40.7888,14.1743,0.88,,,flegrei,earthquake,Automatico
49105,2025-10-19 08:08:40.839,40.837,14.119,2.88,1,0.3,flegrei,earthquake,Rivisto
49108,2025-10-19 08:22:45.98,40.837333,14.111,2.88,0.1,0.3,flegrei,earthquake,Rivisto
49107,2025-10-19 08:34:03.24,40.7365,13.984,1.51,,,flegrei,earthquake,Automatico
49114,2025-10-19 10:07:11.88,40.828667,14.142333,0.75,0.1,0.3,flegrei,earthquake,Rivisto
49109,2025-10-19 10:08:18.9,40.631,14.0876,6.56,,,flegrei,earthquake,Automatico
49110,2025-10-19 10:08:23.049,40.8265,14.141167,0.85,0.7,0.3,flegrei,earthquake,Rivisto
49111,2025-10-19 10:10:21.23,40.828667,14.143,0.97,0.1,0.3,flegrei,earthquake,Rivisto
49115,2025-10-19 10:11:45.9,40.825833,14.1425,0.96,0.3,0.3,flegrei,earthquake,Rivisto
49112,2025-10-19 10:12:12.299,40.826667,14.1425,1.02,0,0.3,flegrei,earthquake,Rivisto
49113,2025-10-19 10:22:01.539,40.828833,14.131333,2.65,,,flegrei,earthquake,Automatico
49116,2025-10-19 11:51:53.569,40.953167,14.148667,4.05,,,flegrei,earthquake,Automatico
49117,2025-10-19 11:55:10.16,40.834667,14.137333,2.26,0.9,0.3,flegrei,earthquake,Rivisto
49118,2025-10-19 14:16:02.97,40.809833,14.144333,1,,,flegrei,earthquake,Automatico
49121,2025-10-19 14:37:58.529,40.8315,14.137,1.13,0.5,0.3,flegrei,earthquake,Rivisto
49119,2025-10-19 14:39:12.599,40.8315,14.131,1.52,1.1,0.3,flegrei,earthquake,Rivisto
49120,2025-10-19 14:43:26.64,40.8335,14.147833,1.03,,,flegrei,earthquake,Automatico
49122,2025-10-19 15:15:19.18,40.836167,14.136167,2.38,0.9,0.3,flegrei,earthquake,Rivisto
49123,2025-10-19 15:15:30.14,40.831333,14.140167,0.89,0.5,0.3,flegrei,earthquake,Rivisto
49124,2025-10-19 15:34:28.019,40.746333,14.0455,0.03,,,flegrei,earthquake,Automatico
49125,2025-10-19 16:24:46.349,40.829167,14.140167,0.82,0.9,0.3,flegrei,earthquake,Rivisto
49126,2025-10-19 16:55:01.92,40.803167,14.099833,2.75,1,0.3,flegrei,earthquake,Rivisto
49127,2025-10-19 18:46:54.869,40.838,14.136167,2.55,0.1,0.3,flegrei,earthquake,Rivisto
49128,2025-10-19 21:09:04.25,40.828167,14.145,1.64,0.5,0.3,flegrei,earthquake,Rivisto
49129,2025-10-19 21:42:04.759,40.831833,14.128833,2.07,0.1,0.3,flegrei,earthquake,Rivisto
49130,2025-10-19 21:57:52.94,40.827333,14.142167,1.76,2.2,0.3,flegrei,earthquake,Rivisto
49131,2025-10-19 22:01:24.99,40.826667,14.085333,0.8,,,flegrei,earthquake,Automatico
49133,2025-10-20 00:03:53.369,40.811833,14.142333,2.56,0.4,0.3,flegrei,earthquake,Rivisto
49134,2025-10-20 00:18:34.17,40.832,14.133167,2.23,0.6,0.3,flegrei,earthquake,Rivisto
49135,2025-10-20 01:32:57.19,40.84,14.1365,2.45,0.5,0.3,flegrei,earthquake,Rivisto
49136,2025-10-20 01:34:23.779,40.839833,14.137167,2.44,0.9,0.3,flegrei,earthquake,Rivisto
49137,2025-10-20 02:15:22.45,40.8338,14.2187,0.87,,,flegrei,earthquake,Automatico
49138,2025-10-20 02:21:44.92,40.837,14.133833,2.68,0.4,0.3,flegrei,earthquake,Rivisto
49143,2025-10-20 02:37:40.359,40.8265,14.140167,0.95,0.9,0.3,flegrei,earthquake,Rivisto
49139,2025-10-20 02:40:20.23,40.839167,14.132333,1.7,0.4,0.3,flegrei,earthquake,Rivisto
49140,2025-10-20 02:47:51.45,40.843333,14.142333,2.89,2.5,0.3,flegrei,earthquake,Rivisto
49141,2025-10-20 02:56:42.91,40.828,14.151667,1.76,0.6,0.3,flegrei,earthquake,Rivisto
49150,2025-10-20 02:57:25.14,40.826167,14.149,0.83,0.1,0.3,flegrei,earthquake,Rivisto
49142,2025-10-20 03:03:28.549,40.84,14.139667,1,,,flegrei,earthquake,Automatico
49144,2025-10-20 03:12:03.329,40.835333,14.301333,1.08,,,flegrei,earthquake,Automatico
49152,2025-10-20 03:12:27.66,40.8255,14.145667,0.93,0.5,0.3,flegrei,earthquake,Rivisto
49145,2025-10-20 03:14:50.39,40.8225,14.214,1,,,flegrei,earthquake,Automatico
49153,2025-10-20 03:14:51.94,40.825667,14.146167,1.04,0.3,0.3,flegrei,earthquake,Rivisto
49156,2025-10-20 03:16:09.73,40.8225,14.1495,0.78,0.4,0.3,flegrei,earthquake,Rivisto
49146,2025-10-20 03:17:37.41,40.7272,14.2331,0.9,,,flegrei,earthquake,Automatico
49147,2025-10-20 03:18:44.97,40.808,14.1385,1,,,flegrei,earthquake,Automatico
49157,2025-10-20 03:19:03.9,40.825833,14.143833,0.88,0.7,0.3,flegrei,earthquake,Rivisto
49148,2025-10-20 03:29:06.4,40.807333,14.148,1.08,,,flegrei,earthquake,Automatico
49149,2025-10-20 03:57:06.44,40.831333,14.158167,1.41,,,flegrei,earthquake,Automatico
49151,2025-10-20 04:03:17.309,40.843167,14.137833,2.34,0.4,0.3,flegrei,earthquake,Rivisto
49154,2025-10-20 04:08:44.45,40.8415,14.206833,1,,,flegrei,earthquake,Automatico
49159,2025-10-20 04:08:45.71,40.831333,14.151667,1.7,0.3,0.3,flegrei,earthquake,Rivisto
49158,2025-10-20 04:08:50.72,40.830833,14.1445,1.84,0.4,0.3,flegrei,earthquake,Rivisto
49155,2025-10-20 04:09:07.48,40.913,14.3645,1,,,flegrei,earthquake,Automatico
49166,2025-10-20 04:09:10.599,40.831333,14.15,2.23,0.2,0.3,flegrei,earthquake,Rivisto
49165,2025-10-20 04:09:16.41,40.831833,14.149167,1.88,0.2,0.3,flegrei,earthquake,Rivisto
49175,2025-10-20 04:17:35.579,40.835,14.132,1.81,0.4,0.3,flegrei,earthquake,Rivisto
49181,2025-10-20 04:17:40.5,40.834667,14.135167,2.73,0.6,0.3,flegrei,earthquake,Rivisto
49160,2025-10-20 05:00:27.039,40.8325,14.126833,1.56,0.6,0.3,flegrei,earthquake,Rivisto
49161,2025-10-20 05:00:57.769,40.823667,14.157,1,,,flegrei,earthquake,Automatico
49162,2025-10-20 05:03:51.17,40.829333,14.147667,0.15,,,flegrei,earthquake,Automatico
49170,2025-10-20 05:05:17.14,40.831333,14.143833,1.36,0.7,0.3,flegrei,earthquake,Rivisto
49163,2025-10-20 05:05:41.329,40.832333,14.142833,1.36,0.5,0.3,flegrei,earthquake,Rivisto
49171,2025-10-20 05:08:24.49,40.829167,14.146,1.4,0.5,0.3,flegrei,earthquake,Rivisto
49164,2025-10-20 05:08:36.779,40.8305,14.142167,1.5,0.8,0.3,flegrei,earthquake,Rivisto
49167,2025-10-20 05:15:45.029,40.8315,14.147333,1.4,1.1,0.3,flegrei,earthquake,Rivisto
49168,2025-10-20 05:33:30.99,40.831167,14.141667,0.86,,,flegrei,earthquake,Automatico
49174,2025-10-20 05:33:55.849,40.8295,14.1395,0.95,0.6,0.3,flegrei,earthquake,Rivisto
49169,2025-10-20 05:34:26.14,40.957667,14.257333,0.92,,,flegrei,earthquake,Automatico
49176,2025-10-20 05:34:28.779,40.8235,14.136,1.85,0.4,0.3,flegrei,earthquake,Rivisto
49177,2025-10-20 05:53:21.22,40.828833,14.140833,1.18,0.3,0.3,flegrei,earthquake,Rivisto
49178,2025-10-20 05:53:44.009,40.829167,14.140167,1.2,0.5,0.3,flegrei,earthquake,Rivisto
49172,2025-10-20 05:54:12.95,40.831333,14.141333,1.2,0.1,0.3,flegrei,earthquake,Rivisto
49180,2025-10-20 05:55:33.39,40.829167,14.138333,1.21,0.3,0.3,flegrei,earthquake,Rivisto
49182,2025-10-20 06:02:18.529,40.833667,14.13,1.61,0.1,0.3,flegrei,earthquake,Rivisto
49173,2025-10-20 06:07:22.059,40.83,14.140167,1.12,0.5,0.3,flegrei,earthquake,Rivisto
49179,2025-10-20 06:33:58.339,40.836833,14.136333,1,,,flegrei,earthquake,Automatico
49183,2025-10-20 07:02:33.14,40.8687,14.1646,1.83,,,flegrei,earthquake,Automatico
49184,2025-10-20 07:02:33.44,40.8385,14.138,1.74,0.6,0.3,flegrei,earthquake,Rivisto
49186,2025-10-20 08:26:34.67,40.834,14.1275,1.59,0.1,0.3,flegrei,earthquake,Rivisto
49185,2025-10-20 08:26:35.059,40.836167,14.138333,1.15,,,flegrei,earthquake,Automatico
49187,2025-10-20 09:45:22.539,40.834,14.13,2.65,1.8,0.3,flegrei,earthquake,Rivisto
49188,2025-10-20 10:05:04.059,40.8315,14.1385,2.73,1.3,0.3,flegrei,earthquake,Rivisto
49189,2025-10-20 10:23:30.339,40.8019,14.0844,0.89,,,flegrei,earthquake,Automatico
49190,2025-10-20 10:23:30.839,40.828,14.139167,3.07,0.2,0.3,flegrei,earthquake,Rivisto
49191,2025-10-20 11:38:52.19,40.836167,14.1625,1.77,,,flegrei,earthquake,Automatico
49192,2025-10-20 11:38:52.559,40.826333,14.1495,1.05,0.4,0.3,flegrei,earthquake,Rivisto
49193,2025-10-20 14:40:19.759,40.830833,14.148667,1,0.1,0.3,flegrei,earthquake,Rivisto
49194,2025-10-20 14:41:31.68,40.829833,14.137333,1.09,0.4,0.3,flegrei,earthquake,Rivisto
49195,2025-10-20 14:57:42.339,40.8355,14.134,3.01,0.1,0.3,flegrei,earthquake,Rivisto
49196,2025-10-20 14:57:50.809,40.8335,14.128,2.29,0.2,0.3,flegrei,earthquake,Rivisto
49197,2025-10-20 16:21:04.18,40.802333,14.107167,1,,,flegrei,earthquake,Automatico
49199,2025-10-20 17:47:22.089,40.8315,14.134167,2.22,0.5,0.3,flegrei,earthquake,Rivisto
49198,2025-10-20 17:47:22.4,40.8242,14.1174,0.89,,,flegrei,earthquake,Automatico
49200,2025-10-20 18:40:53.769,40.831333,14.142167,1.21,0.1,0.3,flegrei,earthquake,Rivisto
49201,2025-10-20 19:00:20.819,40.841167,14.131333,1,,,flegrei,earthquake,Automatico
